,index,name,base_name,Label Name,network,Full Component Name,hemisphere
0,1,17Networks_LH_VisCent_Striate_1,17networks_lh_viscent_striate,17networks_lh_viscent_striate,central visual  ,striate cortex,L
1,2,17Networks_LH_VisCent_Striate_2,17networks_lh_viscent_striate,17networks_lh_viscent_striate,central visual  ,striate cortex,L
2,3,17Networks_LH_VisCent_ExStr_1,17networks_lh_viscent_exstr,17networks_lh_viscent_exstr,central visual,extrastriate cortex,L
3,4,17Networks_LH_VisCent_ExStr_2,17networks_lh_viscent_exstr,17networks_lh_viscent_exstr,central visual,extrastriate cortex,L
4,5,17Networks_LH_VisCent_ExStr_3,17networks_lh_viscent_exstr,17networks_lh_viscent_exstr,central visual,extrastriate cortex,L
5,6,17Networks_LH_VisCent_ExStr_4,17networks_lh_viscent_exstr,17networks_lh_viscent_exstr,central visual,extrastriate cortex,L
6,7,17Networks_LH_VisCent_ExStr_5,17networks_lh_viscent_exstr,17networks_lh_viscent_exstr,central visual,extrastriate cortex,L
7,8,17Networks_LH_VisCent_ExStr_6,17networks_lh_viscent_exstr,17networks_lh_viscent_exstr,central visual,extrastriate cortex,L
8,9,17Networks_LH_VisCent_ExStr_7,17networks_lh_viscent_exstr,17networks_lh_viscent_exstr,central visual,extrastriate cortex,L
9,10,17Networks_LH_VisCent_ExStr_8,17networks_lh_viscent_exstr,17networks_lh_viscent_exstr,central visual,extrastriate cortex,L
10,11,17Networks_LH_VisCent_ExStr_9,17networks_lh_viscent_exstr,17networks_lh_viscent_exstr,central visual,extrastriate cortex,L
11,12,17Networks_LH_VisCent_ExStr_10,17networks_lh_viscent_exstr,17networks_lh_viscent_exstr,central visual,extrastriate cortex,L
12,13,17Networks_LH_VisCent_ExStr_11,17networks_lh_viscent_exstr,17networks_lh_viscent_exstr,central visual,extrastriate cortex,L
13,14,17Networks_LH_VisCent_ExStr_12,17networks_lh_viscent_exstr,17networks_lh_viscent_exstr,central visual,extrastriate cortex,L
14,15,17Networks_LH_VisCent_ExStr_13,17networks_lh_viscent_exstr,17networks_lh_viscent_exstr,central visual,extrastriate cortex,L
15,16,17Networks_LH_VisPeri_StriCal_1,17networks_lh_visperi_strical,17networks_lh_visperi_strical,peripheral visual ,striate calcarine,L
16,17,17Networks_LH_VisPeri_StriCal_2,17networks_lh_visperi_strical,17networks_lh_visperi_strical,peripheral visual ,striate calcarine,L
17,18,17Networks_LH_VisPeri_StriCal_3,17networks_lh_visperi_strical,17networks_lh_visperi_strical,peripheral visual ,striate calcarine,L
18,19,17Networks_LH_VisPeri_StriCal_4,17networks_lh_visperi_strical,17networks_lh_visperi_strical,peripheral visual ,striate calcarine,L
19,20,17Networks_LH_VisPeri_StriCal_5,17networks_lh_visperi_strical,17networks_lh_visperi_strical,peripheral visual ,striate calcarine,L
20,21,17Networks_LH_VisPeri_ExStrInf_1,17networks_lh_visperi_exstrinf,17networks_lh_visperi_exstrinf,peripheral visual,extra-striate inferior,L
21,22,17Networks_LH_VisPeri_ExStrInf_2,17networks_lh_visperi_exstrinf,17networks_lh_visperi_exstrinf,peripheral visual,extra-striate inferior,L
22,23,17Networks_LH_VisPeri_ExStrInf_3,17networks_lh_visperi_exstrinf,17networks_lh_visperi_exstrinf,peripheral visual,extra-striate inferior,L
23,24,17Networks_LH_VisPeri_ExStrInf_4,17networks_lh_visperi_exstrinf,17networks_lh_visperi_exstrinf,peripheral visual,extra-striate inferior,L
24,25,17Networks_LH_VisPeri_ExStrInf_5,17networks_lh_visperi_exstrinf,17networks_lh_visperi_exstrinf,peripheral visual,extra-striate inferior,L
25,26,17Networks_LH_VisPeri_ExStrSup_1,17networks_lh_visperi_exstrsup,17networks_lh_visperi_exstrsup,peripheral visual,extra-striate superior,L
26,27,17Networks_LH_VisPeri_ExStrSup_2,17networks_lh_visperi_exstrsup,17networks_lh_visperi_exstrsup,peripheral visual,extra-striate superior,L
27,28,17Networks_LH_VisPeri_ExStrSup_3,17networks_lh_visperi_exstrsup,17networks_lh_visperi_exstrsup,peripheral visual,extra-striate superior,L
28,29,17Networks_LH_VisPeri_ExStrSup_4,17networks_lh_visperi_exstrsup,17networks_lh_visperi_exstrsup,peripheral visual,extra-striate superior,L
29,30,17Networks_LH_VisPeri_ExStrSup_5,17networks_lh_visperi_exstrsup,17networks_lh_visperi_exstrsup,peripheral visual,extra-striate superior,L
30,31,17Networks_LH_SomMotA_1,17networks_lh_sommota,17networks_lh_sommota,somatomotor A,somatomotor A,L
31,32,17Networks_LH_SomMotA_2,17networks_lh_sommota,17networks_lh_sommota,somatomotor A,somatomotor A,L
32,33,17Networks_LH_SomMotA_3,17networks_lh_sommota,17networks_lh_sommota,somatomotor A,somatomotor A,L
33,34,17Networks_LH_SomMotA_4,17networks_lh_sommota,17networks_lh_sommota,somatomotor A,somatomotor A,L
34,35,17Networks_LH_SomMotA_5,17networks_lh_sommota,17networks_lh_sommota,somatomotor A,somatomotor A,L
35,36,17Networks_LH_SomMotA_6,17networks_lh_sommota,17networks_lh_sommota,somatomotor A,somatomotor A,L
36,37,17Networks_LH_SomMotA_7,17networks_lh_sommota,17networks_lh_sommota,somatomotor A,somatomotor A,L
37,38,17Networks_LH_SomMotA_8,17networks_lh_sommota,17networks_lh_sommota,somatomotor A,somatomotor A,L
38,39,17Networks_LH_SomMotA_9,17networks_lh_sommota,17networks_lh_sommota,somatomotor A,somatomotor A,L
39,40,17Networks_LH_SomMotA_10,17networks_lh_sommota,17networks_lh_sommota,somatomotor A,somatomotor A,L
40,41,17Networks_LH_SomMotA_11,17networks_lh_sommota,17networks_lh_sommota,somatomotor A,somatomotor A,L
41,42,17Networks_LH_SomMotA_12,17networks_lh_sommota,17networks_lh_sommota,somatomotor A,somatomotor A,L
42,43,17Networks_LH_SomMotA_13,17networks_lh_sommota,17networks_lh_sommota,somatomotor A,somatomotor A,L
43,44,17Networks_LH_SomMotA_14,17networks_lh_sommota,17networks_lh_sommota,somatomotor A,somatomotor A,L
44,45,17Networks_LH_SomMotA_15,17networks_lh_sommota,17networks_lh_sommota,somatomotor A,somatomotor A,L
45,46,17Networks_LH_SomMotA_16,17networks_lh_sommota,17networks_lh_sommota,somatomotor A,somatomotor A,L
46,47,17Networks_LH_SomMotA_17,17networks_lh_sommota,17networks_lh_sommota,somatomotor A,somatomotor A,L
47,48,17Networks_LH_SomMotA_18,17networks_lh_sommota,17networks_lh_sommota,somatomotor A,somatomotor A,L
48,49,17Networks_LH_SomMotA_19,17networks_lh_sommota,17networks_lh_sommota,somatomotor A,somatomotor A,L
49,50,17Networks_LH_SomMotA_20,17networks_lh_sommota,17networks_lh_sommota,somatomotor A,somatomotor A,L
50,51,17Networks_LH_SomMotA_21,17networks_lh_sommota,17networks_lh_sommota,somatomotor A,somatomotor A,L
51,52,17Networks_LH_SomMotA_22,17networks_lh_sommota,17networks_lh_sommota,somatomotor A,somatomotor A,L
52,53,17Networks_LH_SomMotA_23,17networks_lh_sommota,17networks_lh_sommota,somatomotor A,somatomotor A,L
53,54,17Networks_LH_SomMotB_Cent_1,17networks_lh_sommotb_cent,17networks_lh_sommotb_cent,somatomotor B,central ,L
54,55,17Networks_LH_SomMotB_Cent_2,17networks_lh_sommotb_cent,17networks_lh_sommotb_cent,somatomotor B,central ,L
55,56,17Networks_LH_SomMotB_Cent_3,17networks_lh_sommotb_cent,17networks_lh_sommotb_cent,somatomotor B,central ,L
56,57,17Networks_LH_SomMotB_Cent_4,17networks_lh_sommotb_cent,17networks_lh_sommotb_cent,somatomotor B,central ,L
57,58,17Networks_LH_SomMotB_Cent_5,17networks_lh_sommotb_cent,17networks_lh_sommotb_cent,somatomotor B,central ,L
58,59,17Networks_LH_SomMotB_Cent_6,17networks_lh_sommotb_cent,17networks_lh_sommotb_cent,somatomotor B,central ,L
59,60,17Networks_LH_SomMotB_Cent_7,17networks_lh_sommotb_cent,17networks_lh_sommotb_cent,somatomotor B,central ,L
60,61,17Networks_LH_SomMotB_S2_1,17networks_lh_sommotb_s2,17networks_lh_sommotb_s2,somatomotor B,S2,L
61,62,17Networks_LH_SomMotB_S2_2,17networks_lh_sommotb_s2,17networks_lh_sommotb_s2,somatomotor B,S2,L
62,63,17Networks_LH_SomMotB_S2_3,17networks_lh_sommotb_s2,17networks_lh_sommotb_s2,somatomotor B,S2,L
63,64,17Networks_LH_SomMotB_S2_4,17networks_lh_sommotb_s2,17networks_lh_sommotb_s2,somatomotor B,S2,L
64,65,17Networks_LH_SomMotB_S2_5,17networks_lh_sommotb_s2,17networks_lh_sommotb_s2,somatomotor B,S2,L
65,66,17Networks_LH_SomMotB_S2_6,17networks_lh_sommotb_s2,17networks_lh_sommotb_s2,somatomotor B,S2,L
66,67,17Networks_LH_SomMotB_Ins_1,17networks_lh_sommotb_ins,17networks_lh_sommotb_ins,somatomotor B,insula,L
67,68,17Networks_LH_SomMotB_Aud_1,17networks_lh_sommotb_aud,17networks_lh_sommotb_aud,somatomotor B,auditory,L
68,69,17Networks_LH_SomMotB_Aud_2,17networks_lh_sommotb_aud,17networks_lh_sommotb_aud,somatomotor B,auditory,L
69,70,17Networks_LH_SomMotB_Aud_3,17networks_lh_sommotb_aud,17networks_lh_sommotb_aud,somatomotor B,auditory,L
70,71,17Networks_LH_SomMotB_Aud_4,17networks_lh_sommotb_aud,17networks_lh_sommotb_aud,somatomotor B,auditory,L
71,72,17Networks_LH_SomMotB_Aud_5,17networks_lh_sommotb_aud,17networks_lh_sommotb_aud,somatomotor B,auditory,L
72,73,17Networks_LH_SomMotB_Aud_6,17networks_lh_sommotb_aud,17networks_lh_sommotb_aud,somatomotor B,auditory,L
73,74,17Networks_LH_SomMotB_Aud_7,17networks_lh_sommotb_aud,17networks_lh_sommotb_aud,somatomotor B,auditory,L
74,75,17Networks_LH_DorsAttnA_TempOcc_1,17networks_lh_dorsattna_tempocc,17networks_lh_dorsattna_tempocc,dorsal attention A,temporal occipital,L
75,76,17Networks_LH_DorsAttnA_TempOcc_2,17networks_lh_dorsattna_tempocc,17networks_lh_dorsattna_tempocc,dorsal attention A,temporal occipital,L
76,77,17Networks_LH_DorsAttnA_TempOcc_3,17networks_lh_dorsattna_tempocc,17networks_lh_dorsattna_tempocc,dorsal attention A,temporal occipital,L
77,78,17Networks_LH_DorsAttnA_ParOcc_1,17networks_lh_dorsattna_parocc,17networks_lh_dorsattna_parocc,dorsal attention A,parietal occipital,L
78,79,17Networks_LH_DorsAttnA_ParOcc_2,17networks_lh_dorsattna_parocc,17networks_lh_dorsattna_parocc,dorsal attention A,parietal occipital,L
79,80,17Networks_LH_DorsAttnA_ParOcc_3,17networks_lh_dorsattna_parocc,17networks_lh_dorsattna_parocc,dorsal attention A,parietal occipital,L
80,81,17Networks_LH_DorsAttnA_SPL_1,17networks_lh_dorsattna_spl,17networks_lh_dorsattna_spl,dorsal attention A,superior parietal lobule,L
81,82,17Networks_LH_DorsAttnA_SPL_2,17networks_lh_dorsattna_spl,17networks_lh_dorsattna_spl,dorsal attention A,superior parietal lobule,L
82,83,17Networks_LH_DorsAttnA_SPL_3,17networks_lh_dorsattna_spl,17networks_lh_dorsattna_spl,dorsal attention A,superior parietal lobule,L
83,84,17Networks_LH_DorsAttnA_SPL_4,17networks_lh_dorsattna_spl,17networks_lh_dorsattna_spl,dorsal attention A,superior parietal lobule,L
84,85,17Networks_LH_DorsAttnA_SPL_5,17networks_lh_dorsattna_spl,17networks_lh_dorsattna_spl,dorsal attention A,superior parietal lobule,L
85,86,17Networks_LH_DorsAttnA_SPL_6,17networks_lh_dorsattna_spl,17networks_lh_dorsattna_spl,dorsal attention A,superior parietal lobule,L
86,87,17Networks_LH_DorsAttnA_SPL_7,17networks_lh_dorsattna_spl,17networks_lh_dorsattna_spl,dorsal attention A,superior parietal lobule,L
87,88,17Networks_LH_DorsAttnA_SPL_8,17networks_lh_dorsattna_spl,17networks_lh_dorsattna_spl,dorsal attention A,superior parietal lobule,L
88,89,17Networks_LH_DorsAttnB_TempOcc_1,17networks_lh_dorsattnb_tempocc,17networks_lh_dorsattnb_tempocc,dorsal attention B,temporal occipital,L
89,90,17Networks_LH_DorsAttnB_PostC_1,17networks_lh_dorsattnb_postc,17networks_lh_dorsattnb_postc,dorsal attention B,post central,L
90,91,17Networks_LH_DorsAttnB_PostC_2,17networks_lh_dorsattnb_postc,17networks_lh_dorsattnb_postc,dorsal attention B,post central,L
91,92,17Networks_LH_DorsAttnB_PostC_3,17networks_lh_dorsattnb_postc,17networks_lh_dorsattnb_postc,dorsal attention B,post central,L
92,93,17Networks_LH_DorsAttnB_PostC_4,17networks_lh_dorsattnb_postc,17networks_lh_dorsattnb_postc,dorsal attention B,post central,L
93,94,17Networks_LH_DorsAttnB_PostC_5,17networks_lh_dorsattnb_postc,17networks_lh_dorsattnb_postc,dorsal attention B,post central,L
94,95,17Networks_LH_DorsAttnB_PostC_6,17networks_lh_dorsattnb_postc,17networks_lh_dorsattnb_postc,dorsal attention B,post central,L
95,96,17Networks_LH_DorsAttnB_PostC_7,17networks_lh_dorsattnb_postc,17networks_lh_dorsattnb_postc,dorsal attention B,post central,L
96,97,17Networks_LH_DorsAttnB_PostC_8,17networks_lh_dorsattnb_postc,17networks_lh_dorsattnb_postc,dorsal attention B,post central,L
97,98,17Networks_LH_DorsAttnB_FEF_1,17networks_lh_dorsattnb_fef,17networks_lh_dorsattnb_fef,dorsal attention B,frontal eye fields,L
98,99,17Networks_LH_DorsAttnB_FEF_2,17networks_lh_dorsattnb_fef,17networks_lh_dorsattnb_fef,dorsal attention B,frontal eye fields,L
99,100,17Networks_LH_DorsAttnB_FEF_3,17networks_lh_dorsattnb_fef,17networks_lh_dorsattnb_fef,dorsal attention B,frontal eye fields,L
100,101,17Networks_LH_SalVentAttnA_ParOper_1,17networks_lh_salventattna_paroper,17networks_lh_salventattna_paroper,salience / ventral attention A,parietal operculum,L
101,102,17Networks_LH_SalVentAttnA_ParOper_2,17networks_lh_salventattna_paroper,17networks_lh_salventattna_paroper,salience / ventral attention A,parietal operculum,L
102,103,17Networks_LH_SalVentAttnA_ParOper_3,17networks_lh_salventattna_paroper,17networks_lh_salventattna_paroper,salience / ventral attention A,parietal operculum,L
103,104,17Networks_LH_SalVentAttnA_ParOper_4,17networks_lh_salventattna_paroper,17networks_lh_salventattna_paroper,salience / ventral attention A,parietal operculum,L
104,105,17Networks_LH_SalVentAttnA_FrOper_1,17networks_lh_salventattna_froper,17networks_lh_salventattna_froper,salience / ventral attention A,frontal operculum ,L
105,106,17Networks_LH_SalVentAttnA_FrOper_2,17networks_lh_salventattna_froper,17networks_lh_salventattna_froper,salience / ventral attention A,frontal operculum ,L
106,107,17Networks_LH_SalVentAttnA_FrOper_3,17networks_lh_salventattna_froper,17networks_lh_salventattna_froper,salience / ventral attention A,frontal operculum ,L
107,108,17Networks_LH_SalVentAttnA_Ins_1,17networks_lh_salventattna_ins,17networks_lh_salventattna_ins,salience / ventral attention A,insula,L
108,109,17Networks_LH_SalVentAttnA_Ins_2,17networks_lh_salventattna_ins,17networks_lh_salventattna_ins,salience / ventral attention A,insula,L
109,110,17Networks_LH_SalVentAttnA_Ins_3,17networks_lh_salventattna_ins,17networks_lh_salventattna_ins,salience / ventral attention A,insula,L
110,111,17Networks_LH_SalVentAttnA_Ins_4,17networks_lh_salventattna_ins,17networks_lh_salventattna_ins,salience / ventral attention A,insula,L
111,112,17Networks_LH_SalVentAttnA_ParMed_1,17networks_lh_salventattna_parmed,17networks_lh_salventattna_parmed,salience / ventral attention A,parietal medial,L
112,113,17Networks_LH_SalVentAttnA_ParMed_2,17networks_lh_salventattna_parmed,17networks_lh_salventattna_parmed,salience / ventral attention A,parietal medial,L
113,114,17Networks_LH_SalVentAttnA_ParMed_3,17networks_lh_salventattna_parmed,17networks_lh_salventattna_parmed,salience / ventral attention A,parietal medial,L
114,115,17Networks_LH_SalVentAttnA_ParMed_4,17networks_lh_salventattna_parmed,17networks_lh_salventattna_parmed,salience / ventral attention A,parietal medial,L
115,116,17Networks_LH_SalVentAttnA_ParMed_5,17networks_lh_salventattna_parmed,17networks_lh_salventattna_parmed,salience / ventral attention A,parietal medial,L
116,117,17Networks_LH_SalVentAttnA_FrMed_1,17networks_lh_salventattna_frmed,17networks_lh_salventattna_frmed,salience / ventral attention A,frontal medial,L
117,118,17Networks_LH_SalVentAttnA_FrMed_2,17networks_lh_salventattna_frmed,17networks_lh_salventattna_frmed,salience / ventral attention A,frontal medial,L
118,119,17Networks_LH_SalVentAttnA_FrMed_3,17networks_lh_salventattna_frmed,17networks_lh_salventattna_frmed,salience / ventral attention A,frontal medial,L
119,120,17Networks_LH_SalVentAttnA_FrMed_4,17networks_lh_salventattna_frmed,17networks_lh_salventattna_frmed,salience / ventral attention A,frontal medial,L
120,121,17Networks_LH_SalVentAttnA_FrMed_5,17networks_lh_salventattna_frmed,17networks_lh_salventattna_frmed,salience / ventral attention A,frontal medial,L
121,122,17Networks_LH_SalVentAttnB_IPL_1,17networks_lh_salventattnb_ipl,17networks_lh_salventattnb_ipl,salience / ventral attention B,inferior parietal lobule,L
122,123,17Networks_LH_SalVentAttnB_PFCl_1,17networks_lh_salventattnb_pfcl,17networks_lh_salventattnb_pfcl,salience / ventral attention B,lateral prefrontal cortex,L
123,124,17Networks_LH_SalVentAttnB_PFCl_2,17networks_lh_salventattnb_pfcl,17networks_lh_salventattnb_pfcl,salience / ventral attention B,lateral prefrontal cortex,L
124,125,17Networks_LH_SalVentAttnB_PFCl_3,17networks_lh_salventattnb_pfcl,17networks_lh_salventattnb_pfcl,salience / ventral attention B,lateral prefrontal cortex,L
125,126,17Networks_LH_SalVentAttnB_Ins_1,17networks_lh_salventattnb_ins,17networks_lh_salventattnb_ins,salience / ventral attention B,insula,L
126,127,17Networks_LH_SalVentAttnB_Ins_2,17networks_lh_salventattnb_ins,17networks_lh_salventattnb_ins,salience / ventral attention B,insula,L
127,128,17Networks_LH_SalVentAttnB_Ins_3,17networks_lh_salventattnb_ins,17networks_lh_salventattnb_ins,salience / ventral attention B,insula,L
128,129,17Networks_LH_SalVentAttnB_PFCmp_1,17networks_lh_salventattnb_pfcmp,17networks_lh_salventattnb_pfcmp,salience / ventral attention B, medial posterior prefrontal cortex,L
129,130,17Networks_LH_SalVentAttnB_PFCmp_2,17networks_lh_salventattnb_pfcmp,17networks_lh_salventattnb_pfcmp,salience / ventral attention B, medial posterior prefrontal cortex,L
130,131,17Networks_LH_SalVentAttnB_PFCmp_3,17networks_lh_salventattnb_pfcmp,17networks_lh_salventattnb_pfcmp,salience / ventral attention B, medial posterior prefrontal cortex,L
131,132,17Networks_LH_SalVentAttnB_PFCmp_4,17networks_lh_salventattnb_pfcmp,17networks_lh_salventattnb_pfcmp,salience / ventral attention B, medial posterior prefrontal cortex,L
132,133,17Networks_LH_LimbicB_OFC_1,17networks_lh_limbicb_ofc,17networks_lh_limbicb_ofc,limbic B,orbital frontal cortex,L
133,134,17Networks_LH_LimbicB_OFC_2,17networks_lh_limbicb_ofc,17networks_lh_limbicb_ofc,limbic B,orbital frontal cortex,L
134,135,17Networks_LH_LimbicB_OFC_3,17networks_lh_limbicb_ofc,17networks_lh_limbicb_ofc,limbic B,orbital frontal cortex,L
135,136,17Networks_LH_LimbicB_OFC_4,17networks_lh_limbicb_ofc,17networks_lh_limbicb_ofc,limbic B,orbital frontal cortex,L
136,137,17Networks_LH_LimbicB_OFC_5,17networks_lh_limbicb_ofc,17networks_lh_limbicb_ofc,limbic B,orbital frontal cortex,L
137,138,17Networks_LH_LimbicB_OFC_6,17networks_lh_limbicb_ofc,17networks_lh_limbicb_ofc,limbic B,orbital frontal cortex,L
138,139,17Networks_LH_LimbicA_TempPole_1,17networks_lh_limbica_temppole,17networks_lh_limbica_temppole,limbic A,temporal pole,L
139,140,17Networks_LH_LimbicA_TempPole_2,17networks_lh_limbica_temppole,17networks_lh_limbica_temppole,limbic A,temporal pole,L
140,141,17Networks_LH_LimbicA_TempPole_3,17networks_lh_limbica_temppole,17networks_lh_limbica_temppole,limbic A,temporal pole,L
141,142,17Networks_LH_LimbicA_TempPole_4,17networks_lh_limbica_temppole,17networks_lh_limbica_temppole,limbic A,temporal pole,L
142,143,17Networks_LH_LimbicA_TempPole_5,17networks_lh_limbica_temppole,17networks_lh_limbica_temppole,limbic A,temporal pole,L
143,144,17Networks_LH_LimbicA_TempPole_6,17networks_lh_limbica_temppole,17networks_lh_limbica_temppole,limbic A,temporal pole,L
144,145,17Networks_LH_LimbicA_TempPole_7,17networks_lh_limbica_temppole,17networks_lh_limbica_temppole,limbic A,temporal pole,L
145,146,17Networks_LH_LimbicA_TempPole_8,17networks_lh_limbica_temppole,17networks_lh_limbica_temppole,limbic A,temporal pole,L
146,147,17Networks_LH_LimbicA_TempPole_9,17networks_lh_limbica_temppole,17networks_lh_limbica_temppole,limbic A,temporal pole,L
147,148,17Networks_LH_LimbicA_TempPole_10,17networks_lh_limbica_temppole,17networks_lh_limbica_temppole,limbic A,temporal pole,L
148,149,17Networks_LH_ContA_Temp_1,17networks_lh_conta_temp,17networks_lh_conta_temp,control A,temporal,L
149,150,17Networks_LH_ContA_IPS_1,17networks_lh_conta_ips,17networks_lh_conta_ips,control A,intraparietal sulcus,L
150,151,17Networks_LH_ContA_IPS_2,17networks_lh_conta_ips,17networks_lh_conta_ips,control A,intraparietal sulcus,L
151,152,17Networks_LH_ContA_IPS_3,17networks_lh_conta_ips,17networks_lh_conta_ips,control A,intraparietal sulcus,L
152,153,17Networks_LH_ContA_IPS_4,17networks_lh_conta_ips,17networks_lh_conta_ips,control A,intraparietal sulcus,L
153,154,17Networks_LH_ContA_IPS_5,17networks_lh_conta_ips,17networks_lh_conta_ips,control A,intraparietal sulcus,L
154,155,17Networks_LH_ContA_IPS_6,17networks_lh_conta_ips,17networks_lh_conta_ips,control A,intraparietal sulcus,L
155,156,17Networks_LH_ContA_IPS_7,17networks_lh_conta_ips,17networks_lh_conta_ips,control A,intraparietal sulcus,L
156,157,17Networks_LH_ContA_IPS_8,17networks_lh_conta_ips,17networks_lh_conta_ips,control A,intraparietal sulcus,L
157,158,17Networks_LH_ContA_PFCd_1,17networks_lh_conta_pfcd,17networks_lh_conta_pfcd,control A,dorsal prefrontal cortex,L
158,159,17Networks_LH_ContA_PFCd_2,17networks_lh_conta_pfcd,17networks_lh_conta_pfcd,control A,dorsal prefrontal cortex,L
159,160,17Networks_LH_ContA_PFCl_1,17networks_lh_conta_pfcl,17networks_lh_conta_pfcl,control A,lateral prefrontal cortex,L
160,161,17Networks_LH_ContA_PFCl_2,17networks_lh_conta_pfcl,17networks_lh_conta_pfcl,control A,lateral prefrontal cortex,L
161,162,17Networks_LH_ContA_PFCl_3,17networks_lh_conta_pfcl,17networks_lh_conta_pfcl,control A,lateral prefrontal cortex,L
162,163,17Networks_LH_ContA_PFCl_4,17networks_lh_conta_pfcl,17networks_lh_conta_pfcl,control A,lateral prefrontal cortex,L
163,164,17Networks_LH_ContA_PFCl_5,17networks_lh_conta_pfcl,17networks_lh_conta_pfcl,control A,lateral prefrontal cortex,L
164,165,17Networks_LH_ContA_PFClv_1,17networks_lh_conta_pfclv,17networks_lh_conta_pfclv,control A,lateral ventral prefrontal cortex,L
165,166,17Networks_LH_ContA_Cingm_1,17networks_lh_conta_cingm,17networks_lh_conta_cingm,control A,mid-cingulate,L
166,167,17Networks_LH_ContB_Temp_1,17networks_lh_contb_temp,17networks_lh_contb_temp,control B,temporal,L
167,168,17Networks_LH_ContB_IPL_1,17networks_lh_contb_ipl,17networks_lh_contb_ipl,control B,inferior parietal lobule,L
168,169,17Networks_LH_ContB_IPL_2,17networks_lh_contb_ipl,17networks_lh_contb_ipl,control B,inferior parietal lobule,L
169,170,17Networks_LH_ContB_PFCd_1,17networks_lh_contb_pfcd,17networks_lh_contb_pfcd,control B ,dorsal prefrontal cortex,L
170,171,17Networks_LH_ContB_PFCd_2,17networks_lh_contb_pfcd,17networks_lh_contb_pfcd,control B ,dorsal prefrontal cortex,L
171,172,17Networks_LH_ContB_PFCl_1,17networks_lh_contb_pfcl,17networks_lh_contb_pfcl,control B,lateral prefrontal cortex,L
172,173,17Networks_LH_ContB_PFClv_1,17networks_lh_contb_pfclv,17networks_lh_contb_pfclv,control B,lateral ventral prefrontal cortex,L
173,174,17Networks_LH_ContB_PFClv_2,17networks_lh_contb_pfclv,17networks_lh_contb_pfclv,control B,lateral ventral prefrontal cortex,L
174,175,17Networks_LH_ContB_PFClv_3,17networks_lh_contb_pfclv,17networks_lh_contb_pfclv,control B,lateral ventral prefrontal cortex,L
175,176,17Networks_LH_ContB_PFClv_4,17networks_lh_contb_pfclv,17networks_lh_contb_pfclv,control B,lateral ventral prefrontal cortex,L
176,177,17Networks_LH_ContB_PFCmp_1,17networks_lh_contb_pfcmp,17networks_lh_contb_pfcmp,control B ,medial posterior prefrontal cortex,L
177,178,17Networks_LH_ContC_pCun_1,17networks_lh_contc_pcun,17networks_lh_contc_pcun,control C,precuneus,L
178,179,17Networks_LH_ContC_pCun_2,17networks_lh_contc_pcun,17networks_lh_contc_pcun,control C,precuneus,L
179,180,17Networks_LH_ContC_pCun_3,17networks_lh_contc_pcun,17networks_lh_contc_pcun,control C,precuneus,L
180,181,17Networks_LH_ContC_pCun_4,17networks_lh_contc_pcun,17networks_lh_contc_pcun,control C,precuneus,L
181,182,17Networks_LH_ContC_Cingp_1,17networks_lh_contc_cingp,17networks_lh_contc_cingp,control C,cingulate posterior,L
182,183,17Networks_LH_ContC_Cingp_2,17networks_lh_contc_cingp,17networks_lh_contc_cingp,control C,cingulate posterior,L
183,184,17Networks_LH_DefaultA_IPL_1,17networks_lh_defaulta_ipl,17networks_lh_defaulta_ipl,default A,inferior parietal lobule,L
184,185,17Networks_LH_DefaultA_IPL_2,17networks_lh_defaulta_ipl,17networks_lh_defaulta_ipl,default A,inferior parietal lobule,L
185,186,17Networks_LH_DefaultA_IPL_3,17networks_lh_defaulta_ipl,17networks_lh_defaulta_ipl,default A,inferior parietal lobule,L
186,187,17Networks_LH_DefaultA_IPL_4,17networks_lh_defaulta_ipl,17networks_lh_defaulta_ipl,default A,inferior parietal lobule,L
187,188,17Networks_LH_DefaultA_PFCd_1,17networks_lh_defaulta_pfcd,17networks_lh_defaulta_pfcd,default A,dorsal prefrontal cortex,L
188,189,17Networks_LH_DefaultA_PFCd_2,17networks_lh_defaulta_pfcd,17networks_lh_defaulta_pfcd,default A,dorsal prefrontal cortex,L
189,190,17Networks_LH_DefaultA_PFCd_3,17networks_lh_defaulta_pfcd,17networks_lh_defaulta_pfcd,default A,dorsal prefrontal cortex,L
190,191,17Networks_LH_DefaultA_pCunPCC_1,17networks_lh_defaulta_pcunpcc,17networks_lh_defaulta_pcunpcc,default A,precuneus posterior cingulate cortex,L
191,192,17Networks_LH_DefaultA_pCunPCC_2,17networks_lh_defaulta_pcunpcc,17networks_lh_defaulta_pcunpcc,default A,precuneus posterior cingulate cortex,L
192,193,17Networks_LH_DefaultA_pCunPCC_3,17networks_lh_defaulta_pcunpcc,17networks_lh_defaulta_pcunpcc,default A,precuneus posterior cingulate cortex,L
193,194,17Networks_LH_DefaultA_pCunPCC_4,17networks_lh_defaulta_pcunpcc,17networks_lh_defaulta_pcunpcc,default A,precuneus posterior cingulate cortex,L
194,195,17Networks_LH_DefaultA_pCunPCC_5,17networks_lh_defaulta_pcunpcc,17networks_lh_defaulta_pcunpcc,default A,precuneus posterior cingulate cortex,L
195,196,17Networks_LH_DefaultA_pCunPCC_6,17networks_lh_defaulta_pcunpcc,17networks_lh_defaulta_pcunpcc,default A,precuneus posterior cingulate cortex,L
196,197,17Networks_LH_DefaultA_pCunPCC_7,17networks_lh_defaulta_pcunpcc,17networks_lh_defaulta_pcunpcc,default A,precuneus posterior cingulate cortex,L
197,198,17Networks_LH_DefaultA_pCunPCC_8,17networks_lh_defaulta_pcunpcc,17networks_lh_defaulta_pcunpcc,default A,precuneus posterior cingulate cortex,L
198,199,17Networks_LH_DefaultA_PFCm_1,17networks_lh_defaulta_pfcm,17networks_lh_defaulta_pfcm,default A,medial prefrontal cortex,L
199,200,17Networks_LH_DefaultA_PFCm_2,17networks_lh_defaulta_pfcm,17networks_lh_defaulta_pfcm,default A,medial prefrontal cortex,L
200,201,17Networks_LH_DefaultA_PFCm_3,17networks_lh_defaulta_pfcm,17networks_lh_defaulta_pfcm,default A,medial prefrontal cortex,L
201,202,17Networks_LH_DefaultA_PFCm_4,17networks_lh_defaulta_pfcm,17networks_lh_defaulta_pfcm,default A,medial prefrontal cortex,L
202,203,17Networks_LH_DefaultA_PFCm_5,17networks_lh_defaulta_pfcm,17networks_lh_defaulta_pfcm,default A,medial prefrontal cortex,L
203,204,17Networks_LH_DefaultA_PFCm_6,17networks_lh_defaulta_pfcm,17networks_lh_defaulta_pfcm,default A,medial prefrontal cortex,L
204,205,17Networks_LH_DefaultA_PFCm_7,17networks_lh_defaulta_pfcm,17networks_lh_defaulta_pfcm,default A,medial prefrontal cortex,L
205,206,17Networks_LH_DefaultB_Temp_1,17networks_lh_defaultb_temp,17networks_lh_defaultb_temp,default B,temporal,L
206,207,17Networks_LH_DefaultB_Temp_2,17networks_lh_defaultb_temp,17networks_lh_defaultb_temp,default B,temporal,L
207,208,17Networks_LH_DefaultB_Temp_3,17networks_lh_defaultb_temp,17networks_lh_defaultb_temp,default B,temporal,L
208,209,17Networks_LH_DefaultB_Temp_4,17networks_lh_defaultb_temp,17networks_lh_defaultb_temp,default B,temporal,L
209,210,17Networks_LH_DefaultB_Temp_5,17networks_lh_defaultb_temp,17networks_lh_defaultb_temp,default B,temporal,L
210,211,17Networks_LH_DefaultB_Temp_6,17networks_lh_defaultb_temp,17networks_lh_defaultb_temp,default B,temporal,L
211,212,17Networks_LH_DefaultB_IPL_1,17networks_lh_defaultb_ipl,17networks_lh_defaultb_ipl,default B,inferior parietal lobule,L
212,213,17Networks_LH_DefaultB_IPL_2,17networks_lh_defaultb_ipl,17networks_lh_defaultb_ipl,default B,inferior parietal lobule,L
213,214,17Networks_LH_DefaultB_PFCd_1,17networks_lh_defaultb_pfcd,17networks_lh_defaultb_pfcd,default B,dorsal prefrontal cortex,L
214,215,17Networks_LH_DefaultB_PFCd_2,17networks_lh_defaultb_pfcd,17networks_lh_defaultb_pfcd,default B,dorsal prefrontal cortex,L
215,216,17Networks_LH_DefaultB_PFCd_3,17networks_lh_defaultb_pfcd,17networks_lh_defaultb_pfcd,default B,dorsal prefrontal cortex,L
216,217,17Networks_LH_DefaultB_PFCd_4,17networks_lh_defaultb_pfcd,17networks_lh_defaultb_pfcd,default B,dorsal prefrontal cortex,L
217,218,17Networks_LH_DefaultB_PFCd_5,17networks_lh_defaultb_pfcd,17networks_lh_defaultb_pfcd,default B,dorsal prefrontal cortex,L
218,219,17Networks_LH_DefaultB_PFCd_6,17networks_lh_defaultb_pfcd,17networks_lh_defaultb_pfcd,default B,dorsal prefrontal cortex,L
219,220,17Networks_LH_DefaultB_PFCd_7,17networks_lh_defaultb_pfcd,17networks_lh_defaultb_pfcd,default B,dorsal prefrontal cortex,L
220,221,17Networks_LH_DefaultB_PFCl_1,17networks_lh_defaultb_pfcl,17networks_lh_defaultb_pfcl,default B,lateral prefrontal cortex,L
221,222,17Networks_LH_DefaultB_PFCl_2,17networks_lh_defaultb_pfcl,17networks_lh_defaultb_pfcl,default B,lateral prefrontal cortex,L
222,223,17Networks_LH_DefaultB_PFCv_1,17networks_lh_defaultb_pfcv,17networks_lh_defaultb_pfcv,default B,ventral prefrontal cortex,L
223,224,17Networks_LH_DefaultB_PFCv_2,17networks_lh_defaultb_pfcv,17networks_lh_defaultb_pfcv,default B,ventral prefrontal cortex,L
224,225,17Networks_LH_DefaultB_PFCv_3,17networks_lh_defaultb_pfcv,17networks_lh_defaultb_pfcv,default B,ventral prefrontal cortex,L
225,226,17Networks_LH_DefaultB_PFCv_4,17networks_lh_defaultb_pfcv,17networks_lh_defaultb_pfcv,default B,ventral prefrontal cortex,L
226,227,17Networks_LH_DefaultB_PFCv_5,17networks_lh_defaultb_pfcv,17networks_lh_defaultb_pfcv,default B,ventral prefrontal cortex,L
227,228,17Networks_LH_DefaultB_PFCv_6,17networks_lh_defaultb_pfcv,17networks_lh_defaultb_pfcv,default B,ventral prefrontal cortex,L
228,229,17Networks_LH_DefaultB_PFCv_7,17networks_lh_defaultb_pfcv,17networks_lh_defaultb_pfcv,default B,ventral prefrontal cortex,L
229,230,17Networks_LH_DefaultB_PFCv_8,17networks_lh_defaultb_pfcv,17networks_lh_defaultb_pfcv,default B,ventral prefrontal cortex,L
230,231,17Networks_LH_DefaultC_IPL_1,17networks_lh_defaultc_ipl,17networks_lh_defaultc_ipl,default C,inferior parietal lobule,L
231,232,17Networks_LH_DefaultC_Rsp_1,17networks_lh_defaultc_rsp,17networks_lh_defaultc_rsp,default C,retrosplenial ,L
232,233,17Networks_LH_DefaultC_Rsp_2,17networks_lh_defaultc_rsp,17networks_lh_defaultc_rsp,default C,retrosplenial ,L
233,234,17Networks_LH_DefaultC_Rsp_3,17networks_lh_defaultc_rsp,17networks_lh_defaultc_rsp,default C,retrosplenial ,L
234,235,17Networks_LH_DefaultC_Rsp_4,17networks_lh_defaultc_rsp,17networks_lh_defaultc_rsp,default C,retrosplenial ,L
235,236,17Networks_LH_DefaultC_PHC_1,17networks_lh_defaultc_phc,17networks_lh_defaultc_phc,default C,parahippocampal cortex,L
236,237,17Networks_LH_DefaultC_PHC_2,17networks_lh_defaultc_phc,17networks_lh_defaultc_phc,default C,parahippocampal cortex,L
237,238,17Networks_LH_DefaultC_PHC_3,17networks_lh_defaultc_phc,17networks_lh_defaultc_phc,default C,parahippocampal cortex,L
238,239,17Networks_LH_DefaultC_PHC_4,17networks_lh_defaultc_phc,17networks_lh_defaultc_phc,default C,parahippocampal cortex,L
239,240,17Networks_LH_DefaultC_PHC_5,17networks_lh_defaultc_phc,17networks_lh_defaultc_phc,default C,parahippocampal cortex,L
240,241,17Networks_LH_TempPar_1,17networks_lh_temppar,17networks_lh_temppar,temporal parietal,temporal parietal,L
241,242,17Networks_LH_TempPar_2,17networks_lh_temppar,17networks_lh_temppar,temporal parietal,temporal parietal,L
242,243,17Networks_LH_TempPar_3,17networks_lh_temppar,17networks_lh_temppar,temporal parietal,temporal parietal,L
243,244,17Networks_LH_TempPar_4,17networks_lh_temppar,17networks_lh_temppar,temporal parietal,temporal parietal,L
244,245,17Networks_LH_TempPar_5,17networks_lh_temppar,17networks_lh_temppar,temporal parietal,temporal parietal,L
245,246,17Networks_LH_TempPar_6,17networks_lh_temppar,17networks_lh_temppar,temporal parietal,temporal parietal,L
246,247,17Networks_LH_TempPar_7,17networks_lh_temppar,17networks_lh_temppar,temporal parietal,temporal parietal,L
247,248,17Networks_LH_TempPar_8,17networks_lh_temppar,17networks_lh_temppar,temporal parietal,temporal parietal,L
248,249,17Networks_LH_TempPar_9,17networks_lh_temppar,17networks_lh_temppar,temporal parietal,temporal parietal,L
249,250,17Networks_LH_TempPar_10,17networks_lh_temppar,17networks_lh_temppar,temporal parietal,temporal parietal,L
250,251,17Networks_RH_VisCent_Striate_1,17networks_rh_viscent_striate,17networks_rh_viscent_striate,central visual,striate cortex,R
251,252,17Networks_RH_VisCent_ExStr_1,17networks_rh_viscent_exstr,17networks_rh_viscent_exstr,central visual,extrastriate cortex,R
252,253,17Networks_RH_VisCent_ExStr_2,17networks_rh_viscent_exstr,17networks_rh_viscent_exstr,central visual,extrastriate cortex,R
253,254,17Networks_RH_VisCent_ExStr_3,17networks_rh_viscent_exstr,17networks_rh_viscent_exstr,central visual,extrastriate cortex,R
254,255,17Networks_RH_VisCent_ExStr_4,17networks_rh_viscent_exstr,17networks_rh_viscent_exstr,central visual,extrastriate cortex,R
255,256,17Networks_RH_VisCent_ExStr_5,17networks_rh_viscent_exstr,17networks_rh_viscent_exstr,central visual,extrastriate cortex,R
256,257,17Networks_RH_VisCent_ExStr_6,17networks_rh_viscent_exstr,17networks_rh_viscent_exstr,central visual,extrastriate cortex,R
257,258,17Networks_RH_VisCent_ExStr_7,17networks_rh_viscent_exstr,17networks_rh_viscent_exstr,central visual,extrastriate cortex,R
258,259,17Networks_RH_VisCent_ExStr_8,17networks_rh_viscent_exstr,17networks_rh_viscent_exstr,central visual,extrastriate cortex,R
259,260,17Networks_RH_VisCent_ExStr_9,17networks_rh_viscent_exstr,17networks_rh_viscent_exstr,central visual,extrastriate cortex,R
260,261,17Networks_RH_VisCent_ExStr_10,17networks_rh_viscent_exstr,17networks_rh_viscent_exstr,central visual,extrastriate cortex,R
261,262,17Networks_RH_VisCent_ExStr_11,17networks_rh_viscent_exstr,17networks_rh_viscent_exstr,central visual,extrastriate cortex,R
262,263,17Networks_RH_VisCent_ExStr_12,17networks_rh_viscent_exstr,17networks_rh_viscent_exstr,central visual,extrastriate cortex,R
263,264,17Networks_RH_VisCent_ExStr_13,17networks_rh_viscent_exstr,17networks_rh_viscent_exstr,central visual,extrastriate cortex,R
264,265,17Networks_RH_VisCent_ExStr_14,17networks_rh_viscent_exstr,17networks_rh_viscent_exstr,central visual,extrastriate cortex,R
265,266,17Networks_RH_VisCent_ExStr_15,17networks_rh_viscent_exstr,17networks_rh_viscent_exstr,central visual,extrastriate cortex,R
266,267,17Networks_RH_VisCent_ExStr_16,17networks_rh_viscent_exstr,17networks_rh_viscent_exstr,central visual,extrastriate cortex,R
267,268,17Networks_RH_VisPeri_StriCal_1,17networks_rh_visperi_strical,17networks_rh_visperi_strical,peripheral visual,striate calcarine,R
268,269,17Networks_RH_VisPeri_StriCal_2,17networks_rh_visperi_strical,17networks_rh_visperi_strical,peripheral visual,striate calcarine,R
269,270,17Networks_RH_VisPeri_StriCal_3,17networks_rh_visperi_strical,17networks_rh_visperi_strical,peripheral visual,striate calcarine,R
270,271,17Networks_RH_VisPeri_StriCal_4,17networks_rh_visperi_strical,17networks_rh_visperi_strical,peripheral visual,striate calcarine,R
271,272,17Networks_RH_VisPeri_ExStrInf_1,17networks_rh_visperi_exstrinf,17networks_rh_visperi_exstrinf,peripheral visual,extra-striate inferior,R
272,273,17Networks_RH_VisPeri_ExStrInf_2,17networks_rh_visperi_exstrinf,17networks_rh_visperi_exstrinf,peripheral visual,extra-striate inferior,R
273,274,17Networks_RH_VisPeri_ExStrInf_3,17networks_rh_visperi_exstrinf,17networks_rh_visperi_exstrinf,peripheral visual,extra-striate inferior,R
274,275,17Networks_RH_VisPeri_ExStrInf_4,17networks_rh_visperi_exstrinf,17networks_rh_visperi_exstrinf,peripheral visual,extra-striate inferior,R
275,276,17Networks_RH_VisPeri_ExStrInf_5,17networks_rh_visperi_exstrinf,17networks_rh_visperi_exstrinf,peripheral visual,extra-striate inferior,R
276,277,17Networks_RH_VisPeri_ExStrSup_1,17networks_rh_visperi_exstrsup,17networks_rh_visperi_exstrsup,peripheral visual,extra-striate superior,R
277,278,17Networks_RH_VisPeri_ExStrSup_2,17networks_rh_visperi_exstrsup,17networks_rh_visperi_exstrsup,peripheral visual,extra-striate superior,R
278,279,17Networks_RH_VisPeri_ExStrSup_3,17networks_rh_visperi_exstrsup,17networks_rh_visperi_exstrsup,peripheral visual,extra-striate superior,R
279,280,17Networks_RH_SomMotA_1,17networks_rh_sommota,17networks_rh_sommota,somatomotor A,somatomotor A,R
280,281,17Networks_RH_SomMotA_2,17networks_rh_sommota,17networks_rh_sommota,somatomotor A,somatomotor A,R
281,282,17Networks_RH_SomMotA_3,17networks_rh_sommota,17networks_rh_sommota,somatomotor A,somatomotor A,R
282,283,17Networks_RH_SomMotA_4,17networks_rh_sommota,17networks_rh_sommota,somatomotor A,somatomotor A,R
283,284,17Networks_RH_SomMotA_5,17networks_rh_sommota,17networks_rh_sommota,somatomotor A,somatomotor A,R
284,285,17Networks_RH_SomMotA_6,17networks_rh_sommota,17networks_rh_sommota,somatomotor A,somatomotor A,R
285,286,17Networks_RH_SomMotA_7,17networks_rh_sommota,17networks_rh_sommota,somatomotor A,somatomotor A,R
286,287,17Networks_RH_SomMotA_8,17networks_rh_sommota,17networks_rh_sommota,somatomotor A,somatomotor A,R
287,288,17Networks_RH_SomMotA_9,17networks_rh_sommota,17networks_rh_sommota,somatomotor A,somatomotor A,R
288,289,17Networks_RH_SomMotA_10,17networks_rh_sommota,17networks_rh_sommota,somatomotor A,somatomotor A,R
289,290,17Networks_RH_SomMotA_11,17networks_rh_sommota,17networks_rh_sommota,somatomotor A,somatomotor A,R
290,291,17Networks_RH_SomMotA_12,17networks_rh_sommota,17networks_rh_sommota,somatomotor A,somatomotor A,R
291,292,17Networks_RH_SomMotA_13,17networks_rh_sommota,17networks_rh_sommota,somatomotor A,somatomotor A,R
292,293,17Networks_RH_SomMotA_14,17networks_rh_sommota,17networks_rh_sommota,somatomotor A,somatomotor A,R
293,294,17Networks_RH_SomMotA_15,17networks_rh_sommota,17networks_rh_sommota,somatomotor A,somatomotor A,R
294,295,17Networks_RH_SomMotA_16,17networks_rh_sommota,17networks_rh_sommota,somatomotor A,somatomotor A,R
295,296,17Networks_RH_SomMotA_17,17networks_rh_sommota,17networks_rh_sommota,somatomotor A,somatomotor A,R
296,297,17Networks_RH_SomMotA_18,17networks_rh_sommota,17networks_rh_sommota,somatomotor A,somatomotor A,R
297,298,17Networks_RH_SomMotA_19,17networks_rh_sommota,17networks_rh_sommota,somatomotor A,somatomotor A,R
298,299,17Networks_RH_SomMotA_20,17networks_rh_sommota,17networks_rh_sommota,somatomotor A,somatomotor A,R
299,300,17Networks_RH_SomMotA_21,17networks_rh_sommota,17networks_rh_sommota,somatomotor A,somatomotor A,R
300,301,17Networks_RH_SomMotA_22,17networks_rh_sommota,17networks_rh_sommota,somatomotor A,somatomotor A,R
301,302,17Networks_RH_SomMotA_23,17networks_rh_sommota,17networks_rh_sommota,somatomotor A,somatomotor A,R
302,303,17Networks_RH_SomMotA_24,17networks_rh_sommota,17networks_rh_sommota,somatomotor A,somatomotor A,R
303,304,17Networks_RH_SomMotA_25,17networks_rh_sommota,17networks_rh_sommota,somatomotor A,somatomotor A,R
304,305,17Networks_RH_SomMotA_26,17networks_rh_sommota,17networks_rh_sommota,somatomotor A,somatomotor A,R
305,306,17Networks_RH_SomMotB_Cent_1,17networks_rh_sommotb_cent,17networks_rh_sommotb_cent,somatomotor B,central ,R
306,307,17Networks_RH_SomMotB_Cent_2,17networks_rh_sommotb_cent,17networks_rh_sommotb_cent,somatomotor B,central ,R
307,308,17Networks_RH_SomMotB_Cent_3,17networks_rh_sommotb_cent,17networks_rh_sommotb_cent,somatomotor B,central ,R
308,309,17Networks_RH_SomMotB_Cent_4,17networks_rh_sommotb_cent,17networks_rh_sommotb_cent,somatomotor B,central ,R
309,310,17Networks_RH_SomMotB_Cent_5,17networks_rh_sommotb_cent,17networks_rh_sommotb_cent,somatomotor B,central ,R
310,311,17Networks_RH_SomMotB_S2_1,17networks_rh_sommotb_s2,17networks_rh_sommotb_s2,somatomotor B,S2,R
311,312,17Networks_RH_SomMotB_S2_2,17networks_rh_sommotb_s2,17networks_rh_sommotb_s2,somatomotor B,S2,R
312,313,17Networks_RH_SomMotB_S2_3,17networks_rh_sommotb_s2,17networks_rh_sommotb_s2,somatomotor B,S2,R
313,314,17Networks_RH_SomMotB_S2_4,17networks_rh_sommotb_s2,17networks_rh_sommotb_s2,somatomotor B,S2,R
314,315,17Networks_RH_SomMotB_S2_5,17networks_rh_sommotb_s2,17networks_rh_sommotb_s2,somatomotor B,S2,R
315,316,17Networks_RH_SomMotB_S2_6,17networks_rh_sommotb_s2,17networks_rh_sommotb_s2,somatomotor B,S2,R
316,317,17Networks_RH_SomMotB_S2_7,17networks_rh_sommotb_s2,17networks_rh_sommotb_s2,somatomotor B,S2,R
317,318,17Networks_RH_SomMotB_S2_8,17networks_rh_sommotb_s2,17networks_rh_sommotb_s2,somatomotor B,S2,R
318,319,17Networks_RH_SomMotB_Ins_1,17networks_rh_sommotb_ins,17networks_rh_sommotb_ins,somatomotor B,insula,R
319,320,17Networks_RH_SomMotB_Aud_1,17networks_rh_sommotb_aud,17networks_rh_sommotb_aud,somatomotor B,auditory,R
320,321,17Networks_RH_SomMotB_Aud_2,17networks_rh_sommotb_aud,17networks_rh_sommotb_aud,somatomotor B,auditory,R
321,322,17Networks_RH_SomMotB_Aud_3,17networks_rh_sommotb_aud,17networks_rh_sommotb_aud,somatomotor B,auditory,R
322,323,17Networks_RH_DorsAttnA_TempOcc_1,17networks_rh_dorsattna_tempocc,17networks_rh_dorsattna_tempocc,dorsal attention A,temporal occipital,R
323,324,17Networks_RH_DorsAttnA_TempOcc_2,17networks_rh_dorsattna_tempocc,17networks_rh_dorsattna_tempocc,dorsal attention A,temporal occipital,R
324,325,17Networks_RH_DorsAttnA_ParOcc_1,17networks_rh_dorsattna_parocc,17networks_rh_dorsattna_parocc,dorsal attention A,parietal occipital,R
325,326,17Networks_RH_DorsAttnA_ParOcc_2,17networks_rh_dorsattna_parocc,17networks_rh_dorsattna_parocc,dorsal attention A,parietal occipital,R
326,327,17Networks_RH_DorsAttnA_ParOcc_3,17networks_rh_dorsattna_parocc,17networks_rh_dorsattna_parocc,dorsal attention A,parietal occipital,R
327,328,17Networks_RH_DorsAttnA_SPL_1,17networks_rh_dorsattna_spl,17networks_rh_dorsattna_spl,dorsal attention A,superior parietal lobule,R
328,329,17Networks_RH_DorsAttnA_SPL_2,17networks_rh_dorsattna_spl,17networks_rh_dorsattna_spl,dorsal attention A,superior parietal lobule,R
329,330,17Networks_RH_DorsAttnA_SPL_3,17networks_rh_dorsattna_spl,17networks_rh_dorsattna_spl,dorsal attention A,superior parietal lobule,R
330,331,17Networks_RH_DorsAttnA_SPL_4,17networks_rh_dorsattna_spl,17networks_rh_dorsattna_spl,dorsal attention A,superior parietal lobule,R
331,332,17Networks_RH_DorsAttnA_SPL_5,17networks_rh_dorsattna_spl,17networks_rh_dorsattna_spl,dorsal attention A,superior parietal lobule,R
332,333,17Networks_RH_DorsAttnA_SPL_6,17networks_rh_dorsattna_spl,17networks_rh_dorsattna_spl,dorsal attention A,superior parietal lobule,R
333,334,17Networks_RH_DorsAttnA_SPL_7,17networks_rh_dorsattna_spl,17networks_rh_dorsattna_spl,dorsal attention A,superior parietal lobule,R
334,335,17Networks_RH_DorsAttnA_SPL_8,17networks_rh_dorsattna_spl,17networks_rh_dorsattna_spl,dorsal attention A,superior parietal lobule,R
335,336,17Networks_RH_DorsAttnB_TempOcc_1,17networks_rh_dorsattnb_tempocc,17networks_rh_dorsattnb_tempocc,dorsal attention B,temporal occipital,R
336,337,17Networks_RH_DorsAttnB_PostC_1,17networks_rh_dorsattnb_postc,17networks_rh_dorsattnb_postc,dorsal attention B,post central,R
337,338,17Networks_RH_DorsAttnB_PostC_2,17networks_rh_dorsattnb_postc,17networks_rh_dorsattnb_postc,dorsal attention B,post central,R
338,339,17Networks_RH_DorsAttnB_PostC_3,17networks_rh_dorsattnb_postc,17networks_rh_dorsattnb_postc,dorsal attention B,post central,R
339,340,17Networks_RH_DorsAttnB_PostC_4,17networks_rh_dorsattnb_postc,17networks_rh_dorsattnb_postc,dorsal attention B,post central,R
340,341,17Networks_RH_DorsAttnB_PostC_5,17networks_rh_dorsattnb_postc,17networks_rh_dorsattnb_postc,dorsal attention B,post central,R
341,342,17Networks_RH_DorsAttnB_PostC_6,17networks_rh_dorsattnb_postc,17networks_rh_dorsattnb_postc,dorsal attention B,post central,R
342,343,17Networks_RH_DorsAttnB_PostC_7,17networks_rh_dorsattnb_postc,17networks_rh_dorsattnb_postc,dorsal attention B,post central,R
343,344,17Networks_RH_DorsAttnB_PostC_8,17networks_rh_dorsattnb_postc,17networks_rh_dorsattnb_postc,dorsal attention B,post central,R
344,345,17Networks_RH_DorsAttnB_PostC_9,17networks_rh_dorsattnb_postc,17networks_rh_dorsattnb_postc,dorsal attention B,post central,R
345,346,17Networks_RH_DorsAttnB_PostC_10,17networks_rh_dorsattnb_postc,17networks_rh_dorsattnb_postc,dorsal attention B,post central,R
346,347,17Networks_RH_DorsAttnB_PostC_11,17networks_rh_dorsattnb_postc,17networks_rh_dorsattnb_postc,dorsal attention B,post central,R
347,348,17Networks_RH_DorsAttnB_FEF_1,17networks_rh_dorsattnb_fef,17networks_rh_dorsattnb_fef,dorsal attention B,frontal eye fields,R
348,349,17Networks_RH_DorsAttnB_FEF_2,17networks_rh_dorsattnb_fef,17networks_rh_dorsattnb_fef,dorsal attention B,frontal eye fields,R
349,350,17Networks_RH_DorsAttnB_FEF_3,17networks_rh_dorsattnb_fef,17networks_rh_dorsattnb_fef,dorsal attention B,frontal eye fields,R
350,351,17Networks_RH_DorsAttnB_FEF_4,17networks_rh_dorsattnb_fef,17networks_rh_dorsattnb_fef,dorsal attention B,frontal eye fields,R
351,352,17Networks_RH_DorsAttnB_PrCv_1,17networks_rh_dorsattnb_prcv,17networks_rh_dorsattnb_prcv,dorsal attention B,precentral ventral,R
352,353,17Networks_RH_SalVentAttnA_ParOper_1,17networks_rh_salventattna_paroper,17networks_rh_salventattna_paroper,salience / ventral attention A,parietal operculum,R
353,354,17Networks_RH_SalVentAttnA_ParOper_2,17networks_rh_salventattna_paroper,17networks_rh_salventattna_paroper,salience / ventral attention A,parietal operculum,R
354,355,17Networks_RH_SalVentAttnA_ParOper_3,17networks_rh_salventattna_paroper,17networks_rh_salventattna_paroper,salience / ventral attention A,parietal operculum,R
355,356,17Networks_RH_SalVentAttnA_ParOper_4,17networks_rh_salventattna_paroper,17networks_rh_salventattna_paroper,salience / ventral attention A,parietal operculum,R
356,357,17Networks_RH_SalVentAttnA_PrC_1,17networks_rh_salventattna_prc,17networks_rh_salventattna_prc,salience / ventral attention A,precentral ,R
357,358,17Networks_RH_SalVentAttnA_FrOper_1,17networks_rh_salventattna_froper,17networks_rh_salventattna_froper,salience / ventral attention A,frontal operculum ,R
358,359,17Networks_RH_SalVentAttnA_FrOper_2,17networks_rh_salventattna_froper,17networks_rh_salventattna_froper,salience / ventral attention A,frontal operculum ,R
359,360,17Networks_RH_SalVentAttnA_FrOper_3,17networks_rh_salventattna_froper,17networks_rh_salventattna_froper,salience / ventral attention A,frontal operculum ,R
360,361,17Networks_RH_SalVentAttnA_Ins_1,17networks_rh_salventattna_ins,17networks_rh_salventattna_ins,salience / ventral attention A,insula,R
361,362,17Networks_RH_SalVentAttnA_Ins_2,17networks_rh_salventattna_ins,17networks_rh_salventattna_ins,salience / ventral attention A,insula,R
362,363,17Networks_RH_SalVentAttnA_Ins_3,17networks_rh_salventattna_ins,17networks_rh_salventattna_ins,salience / ventral attention A,insula,R
363,364,17Networks_RH_SalVentAttnA_Ins_4,17networks_rh_salventattna_ins,17networks_rh_salventattna_ins,salience / ventral attention A,insula,R
364,365,17Networks_RH_SalVentAttnA_ParMed_1,17networks_rh_salventattna_parmed,17networks_rh_salventattna_parmed,salience / ventral attention A,parietal medial,R
365,366,17Networks_RH_SalVentAttnA_ParMed_2,17networks_rh_salventattna_parmed,17networks_rh_salventattna_parmed,salience / ventral attention A,parietal medial,R
366,367,17Networks_RH_SalVentAttnA_ParMed_3,17networks_rh_salventattna_parmed,17networks_rh_salventattna_parmed,salience / ventral attention A,parietal medial,R
367,368,17Networks_RH_SalVentAttnA_ParMed_4,17networks_rh_salventattna_parmed,17networks_rh_salventattna_parmed,salience / ventral attention A,parietal medial,R
368,369,17Networks_RH_SalVentAttnA_ParMed_5,17networks_rh_salventattna_parmed,17networks_rh_salventattna_parmed,salience / ventral attention A,parietal medial,R
369,370,17Networks_RH_SalVentAttnA_FrMed_1,17networks_rh_salventattna_frmed,17networks_rh_salventattna_frmed,salience / ventral attention A,frontal medial,R
370,371,17Networks_RH_SalVentAttnA_FrMed_2,17networks_rh_salventattna_frmed,17networks_rh_salventattna_frmed,salience / ventral attention A,frontal medial,R
371,372,17Networks_RH_SalVentAttnA_FrMed_3,17networks_rh_salventattna_frmed,17networks_rh_salventattna_frmed,salience / ventral attention A,frontal medial,R
372,373,17Networks_RH_SalVentAttnA_FrMed_4,17networks_rh_salventattna_frmed,17networks_rh_salventattna_frmed,salience / ventral attention A,frontal medial,R
373,374,17Networks_RH_SalVentAttnB_IPL_1,17networks_rh_salventattnb_ipl,17networks_rh_salventattnb_ipl,salience / ventral attention B,inferior parietal lobule,R
374,375,17Networks_RH_SalVentAttnB_IPL_2,17networks_rh_salventattnb_ipl,17networks_rh_salventattnb_ipl,salience / ventral attention B,inferior parietal lobule,R
375,376,17Networks_RH_SalVentAttnB_IPL_3,17networks_rh_salventattnb_ipl,17networks_rh_salventattnb_ipl,salience / ventral attention B,inferior parietal lobule,R
376,377,17Networks_RH_SalVentAttnB_PFCd_1,17networks_rh_salventattnb_pfcd,17networks_rh_salventattnb_pfcd,salience / ventral attention B,dorsal prefrontal cortex,R
377,378,17Networks_RH_SalVentAttnB_PFCl_1,17networks_rh_salventattnb_pfcl,17networks_rh_salventattnb_pfcl,salience / ventral attention B,lateral prefrontal cortex,R
378,379,17Networks_RH_SalVentAttnB_PFCl_2,17networks_rh_salventattnb_pfcl,17networks_rh_salventattnb_pfcl,salience / ventral attention B,lateral prefrontal cortex,R
379,380,17Networks_RH_SalVentAttnB_PFCl_3,17networks_rh_salventattnb_pfcl,17networks_rh_salventattnb_pfcl,salience / ventral attention B,lateral prefrontal cortex,R
380,381,17Networks_RH_SalVentAttnB_PFCl_4,17networks_rh_salventattnb_pfcl,17networks_rh_salventattnb_pfcl,salience / ventral attention B,lateral prefrontal cortex,R
381,382,17Networks_RH_SalVentAttnB_PFClv_1,17networks_rh_salventattnb_pfclv,17networks_rh_salventattnb_pfclv,salience / ventral attention B,lateral ventral prefrontal cortex,R
382,383,17Networks_RH_SalVentAttnB_Ins_1,17networks_rh_salventattnb_ins,17networks_rh_salventattnb_ins,salience / ventral attention B,insula,R
383,384,17Networks_RH_SalVentAttnB_Ins_2,17networks_rh_salventattnb_ins,17networks_rh_salventattnb_ins,salience / ventral attention B,insula,R
384,385,17Networks_RH_SalVentAttnB_Ins_3,17networks_rh_salventattnb_ins,17networks_rh_salventattnb_ins,salience / ventral attention B,insula,R
385,386,17Networks_RH_SalVentAttnB_Ins_4,17networks_rh_salventattnb_ins,17networks_rh_salventattnb_ins,salience / ventral attention B,insula,R
386,387,17Networks_RH_SalVentAttnB_PFCmp_1,17networks_rh_salventattnb_pfcmp,17networks_rh_salventattnb_pfcmp,salience / ventral attention B,medial posterior prefrontal cortex,R
387,388,17Networks_RH_SalVentAttnB_PFCmp_2,17networks_rh_salventattnb_pfcmp,17networks_rh_salventattnb_pfcmp,salience / ventral attention B,medial posterior prefrontal cortex,R
388,389,17Networks_RH_SalVentAttnB_PFCmp_3,17networks_rh_salventattnb_pfcmp,17networks_rh_salventattnb_pfcmp,salience / ventral attention B,medial posterior prefrontal cortex,R
389,390,17Networks_RH_SalVentAttnB_Cinga_1,17networks_rh_salventattnb_cinga,17networks_rh_salventattnb_cinga,salience / ventral attention B,cingulate anterior,R
390,391,17Networks_RH_LimbicB_OFC_1,17networks_rh_limbicb_ofc,17networks_rh_limbicb_ofc,limbic B,orbital frontal cortex,R
391,392,17Networks_RH_LimbicB_OFC_2,17networks_rh_limbicb_ofc,17networks_rh_limbicb_ofc,limbic B,orbital frontal cortex,R
392,393,17Networks_RH_LimbicB_OFC_3,17networks_rh_limbicb_ofc,17networks_rh_limbicb_ofc,limbic B,orbital frontal cortex,R
393,394,17Networks_RH_LimbicB_OFC_4,17networks_rh_limbicb_ofc,17networks_rh_limbicb_ofc,limbic B,orbital frontal cortex,R
394,395,17Networks_RH_LimbicB_OFC_5,17networks_rh_limbicb_ofc,17networks_rh_limbicb_ofc,limbic B,orbital frontal cortex,R
395,396,17Networks_RH_LimbicB_OFC_6,17networks_rh_limbicb_ofc,17networks_rh_limbicb_ofc,limbic B,orbital frontal cortex,R
396,397,17Networks_RH_LimbicB_OFC_7,17networks_rh_limbicb_ofc,17networks_rh_limbicb_ofc,limbic B,orbital frontal cortex,R
397,398,17Networks_RH_LimbicA_TempPole_1,17networks_rh_limbica_temppole,17networks_rh_limbica_temppole,limbic A,temporal pole,R
398,399,17Networks_RH_LimbicA_TempPole_2,17networks_rh_limbica_temppole,17networks_rh_limbica_temppole,limbic A,temporal pole,R
399,400,17Networks_RH_LimbicA_TempPole_3,17networks_rh_limbica_temppole,17networks_rh_limbica_temppole,limbic A,temporal pole,R
400,401,17Networks_RH_LimbicA_TempPole_4,17networks_rh_limbica_temppole,17networks_rh_limbica_temppole,limbic A,temporal pole,R
401,402,17Networks_RH_LimbicA_TempPole_5,17networks_rh_limbica_temppole,17networks_rh_limbica_temppole,limbic A,temporal pole,R
402,403,17Networks_RH_LimbicA_TempPole_6,17networks_rh_limbica_temppole,17networks_rh_limbica_temppole,limbic A,temporal pole,R
403,404,17Networks_RH_LimbicA_TempPole_7,17networks_rh_limbica_temppole,17networks_rh_limbica_temppole,limbic A,temporal pole,R
404,405,17Networks_RH_LimbicA_TempPole_8,17networks_rh_limbica_temppole,17networks_rh_limbica_temppole,limbic A,temporal pole,R
405,406,17Networks_RH_LimbicA_TempPole_9,17networks_rh_limbica_temppole,17networks_rh_limbica_temppole,limbic A,temporal pole,R
406,407,17Networks_RH_ContA_IPS_1,17networks_rh_conta_ips,17networks_rh_conta_ips,control A,intraparietal sulcus,R
407,408,17Networks_RH_ContA_IPS_2,17networks_rh_conta_ips,17networks_rh_conta_ips,control A,intraparietal sulcus,R
408,409,17Networks_RH_ContA_IPS_3,17networks_rh_conta_ips,17networks_rh_conta_ips,control A,intraparietal sulcus,R
409,410,17Networks_RH_ContA_IPS_4,17networks_rh_conta_ips,17networks_rh_conta_ips,control A,intraparietal sulcus,R
410,411,17Networks_RH_ContA_PFCd_1,17networks_rh_conta_pfcd,17networks_rh_conta_pfcd,control A,dorsal prefrontal cortex,R
411,412,17Networks_RH_ContA_PFCl_1,17networks_rh_conta_pfcl,17networks_rh_conta_pfcl,control A,lateral prefrontal cortex,R
412,413,17Networks_RH_ContA_PFCl_2,17networks_rh_conta_pfcl,17networks_rh_conta_pfcl,control A,lateral prefrontal cortex,R
413,414,17Networks_RH_ContA_PFCl_3,17networks_rh_conta_pfcl,17networks_rh_conta_pfcl,control A,lateral prefrontal cortex,R
414,415,17Networks_RH_ContA_PFCl_4,17networks_rh_conta_pfcl,17networks_rh_conta_pfcl,control A,lateral prefrontal cortex,R
415,416,17Networks_RH_ContA_PFCl_5,17networks_rh_conta_pfcl,17networks_rh_conta_pfcl,control A,lateral prefrontal cortex,R
416,417,17Networks_RH_ContA_PFCl_6,17networks_rh_conta_pfcl,17networks_rh_conta_pfcl,control A,lateral prefrontal cortex,R
417,418,17Networks_RH_ContA_PFCl_7,17networks_rh_conta_pfcl,17networks_rh_conta_pfcl,control A,lateral prefrontal cortex,R
418,419,17Networks_RH_ContA_Cingm_1,17networks_rh_conta_cingm,17networks_rh_conta_cingm,control A,mid-cingulate,R
419,420,17Networks_RH_ContB_Temp_1,17networks_rh_contb_temp,17networks_rh_contb_temp,control B,temporal,R
420,421,17Networks_RH_ContB_Temp_2,17networks_rh_contb_temp,17networks_rh_contb_temp,control B,temporal,R
421,422,17Networks_RH_ContB_Temp_3,17networks_rh_contb_temp,17networks_rh_contb_temp,control B,temporal,R
422,423,17Networks_RH_ContB_IPL_1,17networks_rh_contb_ipl,17networks_rh_contb_ipl,control B,inferior parietal lobule,R
423,424,17Networks_RH_ContB_IPL_2,17networks_rh_contb_ipl,17networks_rh_contb_ipl,control B,inferior parietal lobule,R
424,425,17Networks_RH_ContB_IPL_3,17networks_rh_contb_ipl,17networks_rh_contb_ipl,control B,inferior parietal lobule,R
425,426,17Networks_RH_ContB_IPL_4,17networks_rh_contb_ipl,17networks_rh_contb_ipl,control B,inferior parietal lobule,R
426,427,17Networks_RH_ContB_IPL_5,17networks_rh_contb_ipl,17networks_rh_contb_ipl,control B,inferior parietal lobule,R
427,428,17Networks_RH_ContB_PFCld_1,17networks_rh_contb_pfcld,17networks_rh_contb_pfcld,control B,lateral dorsal prefrontal cortex,R
428,429,17Networks_RH_ContB_PFCld_2,17networks_rh_contb_pfcld,17networks_rh_contb_pfcld,control B,lateral dorsal prefrontal cortex,R
429,430,17Networks_RH_ContB_PFCld_3,17networks_rh_contb_pfcld,17networks_rh_contb_pfcld,control B,lateral dorsal prefrontal cortex,R
430,431,17Networks_RH_ContB_PFCld_4,17networks_rh_contb_pfcld,17networks_rh_contb_pfcld,control B,lateral dorsal prefrontal cortex,R
431,432,17Networks_RH_ContB_PFCld_5,17networks_rh_contb_pfcld,17networks_rh_contb_pfcld,control B,lateral dorsal prefrontal cortex,R
432,433,17Networks_RH_ContB_PFCld_6,17networks_rh_contb_pfcld,17networks_rh_contb_pfcld,control B,lateral dorsal prefrontal cortex,R
433,434,17Networks_RH_ContB_PFClv_1,17networks_rh_contb_pfclv,17networks_rh_contb_pfclv,control B,lateral ventral prefrontal cortex,R
434,435,17Networks_RH_ContB_PFClv_2,17networks_rh_contb_pfclv,17networks_rh_contb_pfclv,control B,lateral ventral prefrontal cortex,R
435,436,17Networks_RH_ContB_PFClv_3,17networks_rh_contb_pfclv,17networks_rh_contb_pfclv,control B,lateral ventral prefrontal cortex,R
436,437,17Networks_RH_ContB_PFClv_4,17networks_rh_contb_pfclv,17networks_rh_contb_pfclv,control B,lateral ventral prefrontal cortex,R
437,438,17Networks_RH_ContB_PFClv_5,17networks_rh_contb_pfclv,17networks_rh_contb_pfclv,control B,lateral ventral prefrontal cortex,R
438,439,17Networks_RH_ContB_PFCmp_1,17networks_rh_contb_pfcmp,17networks_rh_contb_pfcmp,control B,medial posterior prefrontal cortex,R
439,440,17Networks_RH_ContB_PFCmp_2,17networks_rh_contb_pfcmp,17networks_rh_contb_pfcmp,control B,medial posterior prefrontal cortex,R
440,441,17Networks_RH_ContC_pCun_1,17networks_rh_contc_pcun,17networks_rh_contc_pcun,control C,precuneus,R
441,442,17Networks_RH_ContC_pCun_2,17networks_rh_contc_pcun,17networks_rh_contc_pcun,control C,precuneus,R
442,443,17Networks_RH_ContC_pCun_3,17networks_rh_contc_pcun,17networks_rh_contc_pcun,control C,precuneus,R
443,444,17Networks_RH_ContC_pCun_4,17networks_rh_contc_pcun,17networks_rh_contc_pcun,control C,precuneus,R
444,445,17Networks_RH_ContC_pCun_5,17networks_rh_contc_pcun,17networks_rh_contc_pcun,control C,precuneus,R
445,446,17Networks_RH_ContC_pCun_6,17networks_rh_contc_pcun,17networks_rh_contc_pcun,control C,precuneus,R
446,447,17Networks_RH_ContC_Cingp_1,17networks_rh_contc_cingp,17networks_rh_contc_cingp,control C,cingulate posterior,R
447,448,17Networks_RH_ContC_Cingp_2,17networks_rh_contc_cingp,17networks_rh_contc_cingp,control C,cingulate posterior,R
448,449,17Networks_RH_ContC_Cingp_3,17networks_rh_contc_cingp,17networks_rh_contc_cingp,control C,cingulate posterior,R
449,450,17Networks_RH_DefaultA_Temp_1,17networks_rh_defaulta_temp,17networks_rh_defaulta_temp,default A,temporal,R
450,451,17Networks_RH_DefaultA_IPL_1,17networks_rh_defaulta_ipl,17networks_rh_defaulta_ipl,default A,inferior parietal lobule,R
451,452,17Networks_RH_DefaultA_IPL_2,17networks_rh_defaulta_ipl,17networks_rh_defaulta_ipl,default A,inferior parietal lobule,R
452,453,17Networks_RH_DefaultA_IPL_3,17networks_rh_defaulta_ipl,17networks_rh_defaulta_ipl,default A,inferior parietal lobule,R
453,454,17Networks_RH_DefaultA_PFCd_1,17networks_rh_defaulta_pfcd,17networks_rh_defaulta_pfcd,default A,dorsal prefrontal cortex,R
454,455,17Networks_RH_DefaultA_PFCd_2,17networks_rh_defaulta_pfcd,17networks_rh_defaulta_pfcd,default A,dorsal prefrontal cortex,R
455,456,17Networks_RH_DefaultA_PFCd_3,17networks_rh_defaulta_pfcd,17networks_rh_defaulta_pfcd,default A,dorsal prefrontal cortex,R
456,457,17Networks_RH_DefaultA_pCunPCC_1,17networks_rh_defaulta_pcunpcc,17networks_rh_defaulta_pcunpcc,default A,precuneus posterior cingulate cortex,R
457,458,17Networks_RH_DefaultA_pCunPCC_2,17networks_rh_defaulta_pcunpcc,17networks_rh_defaulta_pcunpcc,default A,precuneus posterior cingulate cortex,R
458,459,17Networks_RH_DefaultA_pCunPCC_3,17networks_rh_defaulta_pcunpcc,17networks_rh_defaulta_pcunpcc,default A,precuneus posterior cingulate cortex,R
459,460,17Networks_RH_DefaultA_pCunPCC_4,17networks_rh_defaulta_pcunpcc,17networks_rh_defaulta_pcunpcc,default A,precuneus posterior cingulate cortex,R
460,461,17Networks_RH_DefaultA_pCunPCC_5,17networks_rh_defaulta_pcunpcc,17networks_rh_defaulta_pcunpcc,default A,precuneus posterior cingulate cortex,R
461,462,17Networks_RH_DefaultA_pCunPCC_6,17networks_rh_defaulta_pcunpcc,17networks_rh_defaulta_pcunpcc,default A,precuneus posterior cingulate cortex,R
462,463,17Networks_RH_DefaultA_pCunPCC_7,17networks_rh_defaulta_pcunpcc,17networks_rh_defaulta_pcunpcc,default A,precuneus posterior cingulate cortex,R
463,464,17Networks_RH_DefaultA_PFCm_1,17networks_rh_defaulta_pfcm,17networks_rh_defaulta_pfcm,default A,medial prefrontal cortex,R
464,465,17Networks_RH_DefaultA_PFCm_2,17networks_rh_defaulta_pfcm,17networks_rh_defaulta_pfcm,default A,medial prefrontal cortex,R
465,466,17Networks_RH_DefaultA_PFCm_3,17networks_rh_defaulta_pfcm,17networks_rh_defaulta_pfcm,default A,medial prefrontal cortex,R
466,467,17Networks_RH_DefaultA_PFCm_4,17networks_rh_defaulta_pfcm,17networks_rh_defaulta_pfcm,default A,medial prefrontal cortex,R
467,468,17Networks_RH_DefaultA_PFCm_5,17networks_rh_defaulta_pfcm,17networks_rh_defaulta_pfcm,default A,medial prefrontal cortex,R
468,469,17Networks_RH_DefaultA_PFCm_6,17networks_rh_defaulta_pfcm,17networks_rh_defaulta_pfcm,default A,medial prefrontal cortex,R
469,470,17Networks_RH_DefaultA_PFCm_7,17networks_rh_defaulta_pfcm,17networks_rh_defaulta_pfcm,default A,medial prefrontal cortex,R
470,471,17Networks_RH_DefaultB_Temp_1,17networks_rh_defaultb_temp,17networks_rh_defaultb_temp,default B,temporal,R
471,472,17Networks_RH_DefaultB_Temp_2,17networks_rh_defaultb_temp,17networks_rh_defaultb_temp,default B,temporal,R
472,473,17Networks_RH_DefaultB_AntTemp_1,17networks_rh_defaultb_anttemp,17networks_rh_defaultb_anttemp,default B,anterior temporal,R
473,474,17Networks_RH_DefaultB_AntTemp_2,17networks_rh_defaultb_anttemp,17networks_rh_defaultb_anttemp,default B,anterior temporal,R
474,475,17Networks_RH_DefaultB_PFCd_1,17networks_rh_defaultb_pfcd,17networks_rh_defaultb_pfcd,default B,dorsal prefrontal cortex,R
475,476,17Networks_RH_DefaultB_PFCd_2,17networks_rh_defaultb_pfcd,17networks_rh_defaultb_pfcd,default B,dorsal prefrontal cortex,R
476,477,17Networks_RH_DefaultB_PFCd_3,17networks_rh_defaultb_pfcd,17networks_rh_defaultb_pfcd,default B,dorsal prefrontal cortex,R
477,478,17Networks_RH_DefaultB_PFCd_4,17networks_rh_defaultb_pfcd,17networks_rh_defaultb_pfcd,default B,dorsal prefrontal cortex,R
478,479,17Networks_RH_DefaultB_PFCd_5,17networks_rh_defaultb_pfcd,17networks_rh_defaultb_pfcd,default B,dorsal prefrontal cortex,R
479,480,17Networks_RH_DefaultB_PFCv_1,17networks_rh_defaultb_pfcv,17networks_rh_defaultb_pfcv,default B,ventral prefrontal cortex,R
480,481,17Networks_RH_DefaultB_PFCv_2,17networks_rh_defaultb_pfcv,17networks_rh_defaultb_pfcv,default B,ventral prefrontal cortex,R
481,482,17Networks_RH_DefaultB_PFCv_3,17networks_rh_defaultb_pfcv,17networks_rh_defaultb_pfcv,default B,ventral prefrontal cortex,R
482,483,17Networks_RH_DefaultC_IPL_1,17networks_rh_defaultc_ipl,17networks_rh_defaultc_ipl,default C,inferior parietal lobule,R
483,484,17Networks_RH_DefaultC_Rsp_1,17networks_rh_defaultc_rsp,17networks_rh_defaultc_rsp,default C,retrosplenial ,R
484,485,17Networks_RH_DefaultC_Rsp_2,17networks_rh_defaultc_rsp,17networks_rh_defaultc_rsp,default C,retrosplenial ,R
485,486,17Networks_RH_DefaultC_PHC_1,17networks_rh_defaultc_phc,17networks_rh_defaultc_phc,default C,parahippocampal cortex,R
486,487,17Networks_RH_DefaultC_PHC_2,17networks_rh_defaultc_phc,17networks_rh_defaultc_phc,default C,parahippocampal cortex,R
487,488,17Networks_RH_DefaultC_PHC_3,17networks_rh_defaultc_phc,17networks_rh_defaultc_phc,default C,parahippocampal cortex,R
488,489,17Networks_RH_TempPar_1,17networks_rh_temppar,17networks_rh_temppar,temporal parietal,temporal parietal,R
489,490,17Networks_RH_TempPar_2,17networks_rh_temppar,17networks_rh_temppar,temporal parietal,temporal parietal,R
490,491,17Networks_RH_TempPar_3,17networks_rh_temppar,17networks_rh_temppar,temporal parietal,temporal parietal,R
491,492,17Networks_RH_TempPar_4,17networks_rh_temppar,17networks_rh_temppar,temporal parietal,temporal parietal,R
492,493,17Networks_RH_TempPar_5,17networks_rh_temppar,17networks_rh_temppar,temporal parietal,temporal parietal,R
493,494,17Networks_RH_TempPar_6,17networks_rh_temppar,17networks_rh_temppar,temporal parietal,temporal parietal,R
494,495,17Networks_RH_TempPar_7,17networks_rh_temppar,17networks_rh_temppar,temporal parietal,temporal parietal,R
495,496,17Networks_RH_TempPar_8,17networks_rh_temppar,17networks_rh_temppar,temporal parietal,temporal parietal,R
496,497,17Networks_RH_TempPar_9,17networks_rh_temppar,17networks_rh_temppar,temporal parietal,temporal parietal,R
497,498,17Networks_RH_TempPar_10,17networks_rh_temppar,17networks_rh_temppar,temporal parietal,temporal parietal,R
498,499,17Networks_RH_TempPar_11,17networks_rh_temppar,17networks_rh_temppar,temporal parietal,temporal parietal,R
499,500,17Networks_RH_TempPar_12,17networks_rh_temppar,17networks_rh_temppar,temporal parietal,temporal parietal,R
